City_ID,City,Cloudiness,Country,Date,Humidity,Lat,Lng,Max Temp,Wind Speed
0,itarema,32,BR,1526850459,72,-2.92,-39.92,81.74,8.79
1,vaini,24,IN,1526850487,91,15.34,74.49,72.56,3.42
2,tiksi,92,RU,1526850492,93,71.64,128.87,24.59,13.49
3,rawson,0,AR,1526850713,70,-43.3,-65.11,49.07,12.26
4,puerto ayora,40,EC,1526846400,65,-0.74,-90.35,82.4,21.92
5,manokwari,20,ID,1526850713,100,-0.87,134.08,81.29,4.99
6,thompson,75,CA,1526846400,47,55.74,-97.86,57.2,6.93
7,saint george,75,GR,1526845800,93,39.45,22.34,64.4,2.75
8,ushuaia,92,AR,1526850457,100,-54.81,-68.31,35.57,12.03
9,henties bay,32,NA,1526850714,100,-22.12,14.28,59.15,8.79
10,senanga,0,ZM,1526850714,73,-16.1,23.3,56.27,3.2
11,hilo,90,US,1526848320,94,19.71,-155.08,73.4,10.29
12,xapuri,20,BR,1526850000,57,-10.65,-68.5,77.0,8.05
13,la ronge,5,CA,1526846400,17,55.1,-105.3,75.2,16.11
14,punta arenas,0,CL,1526846400,70,-53.16,-70.91,44.6,28.86
15,rikitea,24,PF,1526850426,100,-23.12,-134.97,77.15,12.71
16,pangnirtung,75,CA,1526846400,73,66.15,-65.72,23.0,11.41
17,port alfred,0,ZA,1526850475,79,-33.59,26.89,68.42,10.02
18,nikolskoye,0,RU,1526848200,62,59.7,30.79,51.8,4.47
19,terrace,75,CA,1526846400,62,54.52,-128.61,55.4,18.34
20,hithadhoo,92,MV,1526850512,100,-0.6,73.08,84.44,8.79
21,port augusta,36,AU,1526850000,93,-32.49,137.76,44.6,5.82
22,tomatlan,0,MX,1526850692,57,19.93,-105.25,88.22,5.21
23,bredasdorp,8,ZA,1526846400,63,-34.53,20.04,64.4,6.93
24,jamestown,76,AU,1526850445,82,-33.21,138.6,40.61,6.67
25,tuatapere,88,NZ,1526850518,100,-46.13,167.69,44.21,17.74
26,kapaa,75,US,1526846160,78,22.08,-159.32,78.8,16.11
27,ballina,90,IE,1526846400,100,54.11,-9.15,53.6,6.93
28,isangel,76,VU,1526850522,100,-19.55,169.27,77.69,6.78
29,llangefni,92,GB,1526845800,81,53.26,-4.31,53.6,9.17
30,mataura,80,NZ,1526850440,94,-46.19,168.86,39.62,14.05
31,albany,90,US,1526849640,64,42.65,-73.75,71.6,20.8
32,yellowknife,75,CA,1526846400,32,62.45,-114.38,53.6,10.29
33,hobart,40,AU,1526848200,57,-42.88,147.33,51.8,8.05
34,hermanus,12,ZA,1526850444,78,-34.42,19.24,58.7,10.25
35,barrow,88,AR,1526850467,59,-38.31,-60.23,55.46,11.36
36,aksha,44,RU,1526850721,60,50.28,113.29,58.16,15.39
37,provideniya,0,RU,1526848200,69,64.42,-173.23,37.4,2.24
38,port hedland,44,AU,1526848200,22,-20.31,118.58,64.4,9.17
39,cabo san lucas,5,MX,1526845440,37,22.89,-109.91,87.8,9.17
40,ormara,0,PK,1526850721,49,25.21,64.64,86.87,21.09
41,ribeira grande,40,PT,1526846400,55,38.52,-28.7,62.6,11.41
42,mahebourg,40,MU,1526846400,88,-20.41,57.7,71.6,19.46
43,leningradskiy,8,RU,1526850722,100,69.38,178.42,23.24,19.75
44,cotonou,40,BJ,1526846400,88,6.37,2.43,82.4,14.99
45,benidorm,0,ES,1526848200,82,38.54,-0.13,64.4,1.12
46,klaksvik,68,FO,1526847600,70,62.23,-6.59,44.6,9.17
47,dwarka,0,IN,1526850000,19,28.58,77.04,91.4,5.82
48,mount isa,0,AU,1526850000,36,-20.73,139.49,60.8,16.11
49,camacha,75,PT,1526848200,77,33.08,-16.33,60.8,10.29
50,husavik,0,CA,1526850458,51,50.56,-96.99,69.77,7.67
51,te anau,12,NZ,1526850429,91,-45.41,167.72,32.78,4.54
52,chuy,80,UY,1526850469,90,-33.69,-53.46,60.77,16.28
53,kahului,40,US,1526846040,74,20.89,-156.47,78.8,23.04
54,necochea,92,AR,1526850725,79,-38.55,-58.74,53.66,8.46
55,leh,68,IN,1526850537,89,34.16,77.58,12.26,0.85
56,puerto escondido,20,MX,1526848860,66,15.86,-97.07,89.6,5.82
57,saskylakh,8,RU,1526850460,81,71.97,114.09,16.58,7.0
58,fernandopolis,0,BR,1526850726,53,-20.28,-50.25,61.49,5.1
59,busselton,0,AU,1526850726,100,-33.64,115.35,58.52,11.48
60,castro,56,CL,1526850451,95,-42.48,-73.76,48.62,2.75
61,lincoln,90,US,1526848500,87,40.8,-96.67,60.8,10.29
62,alofi,44,NU,1526850000,78,-19.06,-169.92,82.4,6.93
63,port lincoln,36,AU,1526850474,100,-34.72,135.86,57.8,10.69
64,hornepayne,12,CA,1526850728,50,49.22,-84.78,60.41,11.03
65,guerrero negro,8,MX,1526850728,71,27.97,-114.04,68.87,12.48
66,muroto,88,JP,1526850728,100,33.37,134.14,62.57,11.25
67,longyearbyen,75,NO,1526845800,74,78.22,15.63,33.8,16.11
68,nizwa,68,OM,1526850729,24,22.93,57.53,82.46,8.34
69,ayorou,48,NE,1526850729,29,14.73,0.92,91.37,3.09
70,khatanga,56,RU,1526850429,88,71.98,102.47,22.16,3.2
71,sitka,0,US,1526850479,79,37.17,-99.65,73.19,4.76
72,nanortalik,80,GL,1526850543,94,60.14,-45.24,32.06,13.82
73,butaritari,76,KI,1526850468,100,3.07,172.79,80.84,11.48
74,trinidad,75,UY,1526850000,72,-33.52,-56.9,59.0,6.22
75,namatanai,32,PG,1526850554,100,-3.66,152.44,83.09,14.05
76,bluff,48,AU,1526850451,63,-23.58,149.07,48.89,9.8
77,inta,0,RU,1526850731,90,66.04,60.13,23.78,2.3
78,tasiilaq,0,GL,1526845800,64,65.61,-37.64,33.8,5.82
79,airai,56,TL,1526850548,93,-8.93,125.41,65.72,1.41
80,rio grande,75,BR,1526850000,87,-32.03,-52.1,59.0,6.93
81,eha amufu,44,NG,1526850733,73,6.65,7.77,81.11,8.57
82,atuona,36,PF,1526850454,100,-9.8,-139.03,79.22,16.51
83,yaan,56,NG,1526850733,82,7.38,8.57,78.77,4.21
84,lompoc,1,US,1526848500,52,34.64,-120.46,66.2,14.99
85,kawalu,76,ID,1526850734,100,-7.38,108.21,67.52,1.07
86,dahra,40,DZ,1526846400,88,36.25,0.85,62.6,1.41
87,grindavik,75,IS,1526848200,86,63.84,-22.43,42.8,20.8
88,chokurdakh,56,RU,1526850574,98,70.62,147.9,22.79,12.59
89,saldanha,8,PT,1526850433,62,41.42,-6.55,59.24,3.76
90,kiruna,20,SE,1526847600,57,67.86,20.23,51.8,10.29
91,praia da vitoria,75,PT,1526846400,82,38.73,-27.07,60.8,24.9
92,zaysan,0,KZ,1526850736,61,47.47,84.87,23.87,3.2
93,severo-yeniseyskiy,0,RU,1526850736,81,60.37,93.04,24.68,2.3
94,avarua,40,CK,1526846400,69,-21.21,-159.78,82.4,6.93
95,worthing,0,GB,1526847600,82,50.81,-0.37,62.6,9.17
96,mar del plata,0,AR,1526850460,76,-46.43,-67.52,48.44,8.01
97,arraial do cabo,20,BR,1526846400,56,-22.97,-42.02,71.6,19.46
98,anito,68,PH,1526850737,100,12.45,125.29,80.21,4.09
99,pevek,24,RU,1526850494,87,69.7,170.27,36.29,8.12
100,najran,20,SA,1526846400,20,17.54,44.22,84.2,6.93
101,mount gambier,92,AU,1526850548,97,-37.83,140.78,55.1,7.45
102,batsfjord,40,NO,1526845800,93,70.63,29.72,48.2,20.8
103,codrington,0,AU,1526850509,85,-28.95,153.24,41.06,2.64
104,touros,0,BR,1526850493,77,-5.2,-35.46,81.92,12.26
105,east london,92,ZA,1526850256,100,-33.02,27.91,68.06,17.74
106,faanui,44,PF,1526850432,100,-16.48,-151.75,82.01,17.07
107,san andres,24,PH,1526850740,100,13.32,122.68,83.63,4.43
108,laguna,5,MX,1526849640,10,27.52,-110.01,93.2,11.41
109,sabang,8,PH,1526850740,98,13.72,123.58,77.87,3.31
110,kamenka,36,RU,1526850741,67,53.19,44.05,59.6,10.02
111,marystown,100,CA,1526850741,91,47.17,-55.16,49.07,28.48
112,isiro,92,CD,1526850741,100,2.77,27.62,67.61,0.18
113,wajid,80,SO,1526850742,67,3.81,43.25,78.59,8.79
114,adrar,0,DZ,1526846400,10,27.87,-0.29,86.0,11.41
115,northam,40,GB,1526847600,93,51.04,-4.21,60.8,5.82
116,bolshaya rechka,0,RU,1526848200,86,51.95,104.74,33.8,6.71
117,kodiak,90,US,1526845980,88,39.95,-94.76,69.8,3.36
118,calamar,92,CO,1526850743,96,1.96,-72.65,74.54,1.41
119,georgetown,40,GY,1526846400,78,6.8,-58.16,82.4,13.87
120,bethel,90,US,1526845980,87,60.79,-161.76,46.4,7.0
121,sola,20,NO,1526847600,82,58.89,5.65,55.4,5.82
122,pochutla,75,MX,1526849160,98,15.74,-96.47,89.6,11.41
123,cape town,90,ZA,1526846400,93,-33.93,18.42,60.8,16.11
124,noumea,90,NC,1526848200,94,-22.28,166.46,69.8,2.24
125,qaanaaq,0,GL,1526850428,93,77.48,-69.36,26.48,6.33
126,marabba,20,SD,1526850745,39,12.35,32.18,89.12,14.94
127,poso,88,ID,1526850746,100,-1.4,120.75,75.53,1.19
128,vondrozo,32,MG,1526850746,99,-22.82,47.32,60.86,2.19
129,dingle,0,PH,1526850463,93,11.0,122.67,71.84,2.08
130,namibe,0,AO,1526850746,96,-15.19,12.15,68.69,14.61
131,esso,64,RU,1526850747,81,55.93,158.7,37.91,1.63
132,buchanan,40,LR,1526846400,88,5.88,-10.05,80.6,4.43
133,suifenhe,20,CN,1526850747,76,44.39,131.16,49.79,2.64
134,andra,76,RU,1526850638,91,62.52,65.89,36.47,13.6
135,along,48,IN,1526850565,95,28.17,94.8,65.18,1.74
136,drayton valley,0,CA,1526850748,38,53.22,-114.98,73.19,7.11
137,san patricio,0,PY,1526850458,65,-26.98,-56.83,56.81,2.42
138,victoria,75,BN,1526848200,100,5.28,115.24,77.0,5.66
139,kavaratti,80,IN,1526850749,100,10.57,72.64,83.09,8.46
140,burns lake,12,CA,1526850669,62,54.23,-125.76,58.52,6.22
141,svetlaya,88,RU,1526850749,77,46.54,138.33,49.97,5.99
142,prince albert,5,CA,1526846400,16,53.2,-105.75,73.4,19.46
143,tanda,0,IN,1526850750,63,31.67,75.63,68.24,2.98
144,amahai,80,ID,1526850751,100,-3.31,129.0,81.02,7.78
145,kichera,92,RU,1526850751,97,55.93,110.1,30.62,2.19
146,vardo,1,US,1526849580,42,39.62,-77.74,87.8,12.75
147,north myrtle beach,1,US,1526848800,88,33.83,-78.68,78.8,5.82
148,nador,8,MA,1526848200,82,35.17,-2.93,64.4,5.82
149,trincomalee,88,LK,1526850752,88,8.58,81.23,77.96,15.5
150,rocha,48,UY,1526850752,83,-34.48,-54.34,57.89,10.8
151,ostrovnoy,68,RU,1526850500,78,68.05,39.51,37.55,12.26
152,fortuna,0,ES,1526848200,82,38.18,-1.13,66.2,1.12
153,ekhabi,92,RU,1526850753,92,53.51,142.97,33.86,9.01
154,iqaluit,90,CA,1526846400,68,63.75,-68.52,24.8,10.29
155,lebu,56,ET,1526850528,90,8.96,38.73,52.94,2.19
156,vostok,44,RU,1526850513,81,46.45,135.83,52.49,2.42
157,sangar,12,RU,1526850754,82,63.92,127.47,38.09,4.09
158,umea,0,SE,1526845800,87,63.83,20.26,48.2,3.36
159,bambous virieux,40,MU,1526846400,88,-20.34,57.76,71.6,19.46
160,whitehorse,90,CA,1526846940,62,60.72,-135.06,51.8,11.41
161,ilulissat,0,GL,1526845800,68,69.22,-51.1,30.2,4.7
162,goderich,24,CA,1526850755,86,43.74,-81.71,56.18,12.71
163,teguise,40,ES,1526848200,68,29.06,-13.56,66.2,10.29
164,bloomfield,64,US,1526848500,83,40.75,-92.42,71.6,2.98
165,norman wells,40,CA,1526846400,41,65.28,-126.83,57.2,11.41
166,cherskiy,32,RU,1526850463,90,68.75,161.3,35.39,1.97
167,elizabeth city,20,US,1526849460,62,36.3,-76.22,86.0,8.05
168,dikson,24,RU,1526850442,88,73.51,80.55,16.22,10.69
169,fairbanks,40,US,1526846280,36,64.84,-147.72,62.6,9.69
170,narrabri,64,AU,1526850681,90,-30.33,149.78,37.37,3.76
171,darhan,92,MN,1526850751,80,49.49,105.92,30.89,13.82
172,narsaq,44,GL,1526845800,51,60.91,-46.05,37.4,10.29
173,nouadhibou,0,MR,1526846400,68,20.93,-17.03,66.2,19.46
174,raahe,0,FI,1526847600,62,64.68,24.47,53.6,10.29
175,novikovo,0,UA,1526850759,100,45.05,34.56,56.27,2.53
176,akdepe,0,TM,1526848200,37,42.05,59.39,73.4,7.67
177,bogalusa,40,US,1526848500,34,30.79,-89.85,93.2,4.7
178,bambanglipuro,76,ID,1526850497,98,-7.95,110.28,72.83,2.75
179,port elizabeth,40,US,1526846160,58,39.31,-74.98,86.0,11.41
180,lasa,0,CY,1526848200,56,34.92,32.53,77.0,3.36
181,fukue,75,JP,1526848200,82,35.03,136.69,60.8,5.82
182,saint-philippe,75,CA,1526848500,68,45.36,-73.48,68.0,6.93
183,kambove,0,CD,1526850761,60,-10.88,26.6,65.27,4.65
184,tura,92,IN,1526850525,99,25.52,90.21,71.39,2.42
185,shenjiamen,92,CN,1526850524,99,29.96,122.3,68.69,10.8
186,lata,0,IN,1526850538,48,30.78,78.62,52.04,2.75
187,bandarbeyla,36,SO,1526850762,100,9.49,50.81,82.01,9.8
188,avera,90,US,1526848500,74,33.19,-82.53,82.4,5.82
189,havoysund,75,NO,1526847600,70,71.0,24.66,50.0,16.11
190,okhotsk,76,RU,1526850552,97,59.36,143.24,35.12,3.65
191,gilgit,68,PK,1526850763,97,35.92,74.31,30.62,0.07
192,fort pierce,75,US,1526848500,88,27.45,-80.33,82.4,16.06
193,hasaki,75,JP,1526848200,76,35.73,140.83,51.8,1.12
194,ngunguru,0,NZ,1526850764,100,-35.62,174.5,63.2,15.17
195,houma,92,CN,1526850556,90,35.63,111.36,58.88,4.88
196,torbay,90,CA,1526849580,93,47.66,-52.73,55.4,24.16
197,vitim,88,RU,1526850765,95,59.44,112.57,40.34,2.53
198,enshi,88,CN,1526850765,99,30.29,109.48,66.62,2.75
199,strezhevoy,0,RU,1526848200,87,60.73,77.6,48.2,8.95
200,kapit,92,MY,1526850766,98,2.02,112.94,74.54,2.19
201,tuktoyaktuk,75,CA,1526846400,79,69.44,-133.03,28.4,20.8
202,la asuncion,76,EC,1526850767,76,-1.64,-78.74,53.75,1.97
203,aitape,56,PG,1526850562,100,-3.15,142.36,78.95,2.86
204,jalu,12,LY,1526850767,17,29.03,21.55,86.33,8.79
205,egvekinot,0,RU,1526850507,93,66.32,-179.17,28.91,3.53
206,katherine,0,AU,1526850000,77,-14.47,132.26,60.8,8.05
207,lixourion,75,GR,1526845800,73,38.2,20.43,71.6,4.7
208,ducheng,92,CN,1526850768,95,30.54,114.9,73.01,9.35
209,balkanabat,0,TM,1526850651,31,39.51,54.36,66.08,4.21
210,hovd,0,NO,1526847600,51,63.83,10.7,62.6,3.36
211,canutama,76,BR,1526850769,78,-6.53,-64.38,80.66,4.09
212,niono,0,ML,1526850769,58,14.25,-5.99,87.77,3.2
213,suntar,80,RU,1526850462,68,62.16,117.65,39.71,3.2
214,matara,0,PE,1526850770,29,-13.74,-72.9,59.96,2.42
215,nizhnevartovsk,0,RU,1526848200,87,60.93,76.58,48.2,8.95
216,bereda,20,ES,1526848200,48,43.27,-7.54,64.4,5.82
217,coari,100,BR,1526850771,84,-4.09,-63.14,80.21,3.76
218,moussoro,0,TD,1526850771,16,13.64,16.49,79.49,8.46
219,buraydah,0,SA,1526846400,33,26.33,43.97,87.8,5.82
220,luderitz,8,NA,1526850485,93,-26.65,15.16,57.53,5.77
221,riberalta,75,BO,1526850000,53,-11.0,-66.08,77.0,13.87
222,aykhal,0,RU,1526850772,68,65.95,111.51,22.25,3.76
223,gamba,32,CN,1526850772,90,28.28,88.52,18.02,2.64
224,skjervoy,75,NO,1526847600,81,70.03,20.97,48.2,14.99
225,yilan,75,TW,1526848200,83,24.75,121.75,80.6,6.93
226,naples,75,US,1526845980,100,26.14,-81.79,73.4,6.93
227,cidreira,68,BR,1526850476,91,-30.17,-50.22,55.64,19.08
228,aracaju,0,BR,1526850000,78,-10.92,-37.08,80.6,9.17
229,martapura,44,ID,1526850774,100,-3.41,114.85,77.24,4.21
230,ancud,48,CL,1526850774,79,-41.87,-73.83,50.78,2.98
231,beloha,0,MG,1526850463,70,-25.17,45.06,67.34,15.05
232,lexington,1,US,1526848500,45,38.05,-84.5,86.0,8.46
233,batagay,92,RU,1526850573,94,67.65,134.64,31.16,12.03
234,carnarvon,80,ZA,1526850539,99,-30.97,22.13,48.53,7.67
235,sawtell,0,AU,1526848200,93,-30.38,153.1,44.6,4.7
236,geraldton,20,CA,1526846400,26,49.72,-86.95,69.8,12.75
237,ayagoz,0,KZ,1526850496,60,47.96,80.43,32.15,3.98
238,emerald,8,AU,1526850776,69,-23.53,148.16,47.54,9.8
239,osakarovka,0,KZ,1526850776,43,50.56,72.58,50.42,12.03
240,piacabucu,0,BR,1526850776,66,-10.41,-36.43,81.11,10.36
241,yenagoa,0,NG,1526850558,83,4.92,6.26,78.68,8.68
242,kysyl-syr,0,RU,1526850777,69,63.9,122.77,36.56,3.65
243,coihaique,75,CL,1526850000,57,-45.58,-72.07,48.2,8.05
244,devonport,36,AU,1526850612,80,-41.18,146.36,44.75,9.24
245,lagoa,0,PT,1526848200,88,37.14,-8.45,64.4,5.82
246,ust-ishim,8,RU,1526850778,78,57.69,71.17,58.79,10.25
247,luganville,48,VU,1526850778,100,-15.51,167.18,79.31,7.23
248,west wendover,1,US,1526846160,28,40.74,-114.07,73.4,6.93
249,alyangula,44,AU,1526850779,88,-13.85,136.42,80.12,22.32
250,buarcos,90,PT,1526846400,87,40.16,-8.88,59.0,2.24
251,pimentel,48,BR,1526850780,67,-3.7,-45.5,84.08,3.76
252,tubuala,40,PA,1526850000,74,9.52,-79.03,84.2,9.17
253,kaitangata,24,NZ,1526850443,91,-46.28,169.85,39.35,18.97
254,wabana,90,CA,1526849580,93,47.63,-52.95,55.4,24.16
255,kautokeino,80,NO,1526850675,62,69.01,23.04,50.24,12.71
256,gizo,0,IL,1526847600,50,31.8,34.94,77.0,2.24
257,kinsale,75,IE,1526848200,93,51.71,-8.52,53.6,6.93
258,pangoa,76,PE,1526850782,84,-12.12,-73.0,66.17,3.09
259,turtas,68,RU,1526850782,71,58.94,69.13,60.86,8.46
260,valparaiso,90,US,1526848500,72,41.47,-87.06,64.4,5.82
261,altay,0,CN,1526850783,59,47.83,88.13,14.69,3.65
262,mabaruma,92,GY,1526850784,90,8.2,-59.78,79.22,7.56
263,dargaville,36,NZ,1526850784,81,-35.94,173.86,61.67,14.05
264,kearney,90,US,1526848500,93,40.7,-99.08,59.0,12.75
265,abha,0,SA,1526846400,88,18.22,42.5,68.0,0.63
266,kruisfontein,0,ZA,1526850785,97,-34.0,24.73,62.66,12.15
267,sur,0,OM,1526850785,84,22.57,59.53,84.62,7.23
268,jamame,80,SO,1526850785,82,0.07,42.75,79.67,9.8
269,walvis bay,0,NA,1526846400,93,-22.95,14.51,57.2,13.27
270,cedar city,1,US,1526849580,13,37.68,-113.06,78.8,17.22
271,biloela,0,AU,1526850786,76,-24.4,150.51,43.04,8.68
272,rio brilhante,0,BR,1526850786,69,-21.8,-54.54,61.22,3.09
273,arivonimamo,20,MG,1526848200,82,-19.01,47.18,59.0,9.17
274,shakhtinsk,0,KZ,1526848200,48,49.71,72.59,42.8,4.47
275,ahipara,92,NZ,1526850551,88,-35.17,173.16,63.38,13.82
276,portland,20,US,1526849760,52,45.52,-122.67,66.2,3.36
277,vihti,0,FI,1526847600,44,60.42,24.32,59.0,5.82
278,ambalema,75,CO,1526850000,94,4.78,-74.76,77.0,5.82
279,champua,68,IN,1526850789,88,22.04,85.66,75.17,7.23
280,nioro,0,GM,1526850564,59,13.79,-15.05,82.28,4.76
281,boguchany,0,RU,1526850789,80,58.38,97.46,22.7,2.42
282,umm kaddadah,0,SD,1526850536,30,13.6,26.69,76.25,6.44
283,san luis,8,AR,1526850472,38,-33.3,-66.34,66.08,11.25
284,coquimbo,20,CL,1526846400,77,-29.95,-71.34,59.0,8.05
285,cockburn town,12,TC,1526850442,94,21.46,-71.14,79.76,24.34
286,west bay,40,GB,1526847600,93,50.71,-2.76,57.2,5.82
287,lorengau,88,PG,1526850464,100,-2.02,147.27,84.17,8.46
288,sao joao do piaui,0,BR,1526850791,49,-8.36,-42.25,83.99,2.75
289,stroby egede,0,DK,1526847600,81,55.41,12.24,55.4,5.82
290,padang,36,ID,1526850560,100,-0.92,100.36,82.73,4.32
291,saint-augustin,0,FR,1526848200,55,44.83,-0.61,66.2,4.7
292,yar-sale,92,RU,1526850792,92,66.83,70.83,34.22,16.84
293,yima,92,CN,1526850792,98,34.75,111.87,58.7,10.13
294,whitefish,1,US,1526846100,40,48.41,-114.33,69.8,8.05
295,severo-kurilsk,92,RU,1526850473,99,50.68,156.12,35.3,31.72
296,rocky mountain house,68,CA,1526850793,27,52.38,-114.92,72.29,3.53
297,los llanos de aridane,48,ES,1526848200,59,28.66,-17.92,66.2,3.36
298,talnakh,92,RU,1526850509,95,69.49,88.39,32.42,19.53
299,dezhou,80,CN,1526850794,83,37.45,116.31,59.78,3.31
300,novobirilyussy,0,RU,1526850794,84,56.95,90.69,27.02,3.98
301,iwanai,0,JP,1526850795,96,42.97,140.51,48.89,6.22
302,mehamn,75,NO,1526847600,66,71.03,27.85,48.2,21.92
303,uspenskoye,40,RU,1526848200,68,44.83,41.38,64.4,4.47
304,nabire,76,ID,1526850796,96,-3.36,135.5,69.41,1.63
305,arman,80,RU,1526846400,86,59.7,150.17,33.8,2.24
306,chatham,90,CA,1526848560,66,42.41,-82.19,60.8,8.05
307,kenai,90,US,1526849760,76,60.55,-151.26,50.0,14.99
308,maluso,44,PH,1526850797,100,6.54,121.88,82.91,4.99
309,orlik,44,RU,1526850798,68,52.51,99.83,11.0,3.2
310,clinton,90,US,1526848500,87,41.84,-90.19,69.8,9.17
311,myitkyina,68,MM,1526850798,96,25.38,97.4,72.74,2.86
312,nishihara,1,JP,1526849760,51,35.74,139.53,62.6,6.93
313,port keats,0,AU,1526850799,66,-14.25,129.55,70.22,17.4
314,nova odesa,8,UA,1526850799,73,47.3,31.79,60.77,9.57
315,chifeng,56,CN,1526850519,78,42.27,118.96,54.02,5.66
316,port moresby,20,PG,1526846400,100,-9.47,147.16,77.0,3.36
317,trzebiatow,0,PL,1526848200,71,54.06,15.26,53.6,5.82
318,wanning,20,AT,1526847600,67,48.64,13.53,59.0,6.93
319,nantucket,90,US,1526848740,100,41.28,-70.1,64.4,20.8
320,sinnamary,64,GF,1526850493,94,5.38,-52.96,80.84,12.15
321,chapais,75,CA,1526846400,30,49.78,-74.86,57.2,16.11
322,kargasok,92,RU,1526850801,95,59.06,80.87,45.02,8.12
323,broken hill,8,AU,1526850802,95,-31.97,141.45,42.32,8.01
324,baykit,0,RU,1526850490,76,61.68,96.39,19.73,2.64
325,upernavik,20,GL,1526850476,100,72.79,-56.15,28.73,5.66
326,bowmore,1,US,1526848860,69,34.94,-79.3,86.0,4.7
327,tanete,92,ID,1526850803,100,-3.94,119.78,74.36,5.55
328,ratnagiri,8,IN,1526850803,100,16.98,73.3,81.74,5.55
329,bilibino,36,RU,1526850804,71,68.06,166.44,44.57,3.09
330,chara,75,GR,1526845800,93,39.42,22.43,64.4,2.75
331,denpasar,80,ID,1526850804,100,-8.65,115.22,72.56,1.74
332,ugoofaaru,80,MV,1526850694,100,5.67,73.0,83.81,14.16
333,port hardy,90,CA,1526846400,76,50.7,-127.42,51.8,2.24
334,robstown,40,US,1526849700,55,27.79,-97.67,93.2,17.22
335,nalut,56,LY,1526850805,74,31.86,10.98,67.7,7.34
336,presidencia roque saenz pena,0,AR,1526850692,78,-26.79,-60.44,61.04,4.99
337,dibulla,40,CO,1526850000,70,11.27,-73.31,87.8,13.87
338,srednekolymsk,0,RU,1526850806,84,67.46,153.71,45.47,4.54
339,aklavik,20,CA,1526846400,42,68.22,-135.01,48.2,5.82
340,lakes entrance,48,AU,1526850807,88,-37.88,147.99,56.99,17.07
341,katsuura,92,JP,1526850455,74,33.93,134.5,61.67,4.99
342,kalmunai,92,LK,1526850808,100,7.42,81.82,73.37,2.19
343,shizunai,0,JP,1526850808,83,42.33,142.37,47.09,6.44
344,pisco,0,PE,1526846400,64,-13.71,-76.2,71.6,14.99
345,orebro,0,SE,1526847600,55,59.27,15.21,60.8,4.7
346,new norfolk,40,AU,1526848200,57,-42.78,147.06,51.8,8.05
347,acapulco,5,MX,1526849460,70,16.86,-99.88,87.8,9.17
348,warwick,75,US,1526849460,88,41.7,-71.42,77.0,10.29
349,krasnovishersk,0,RU,1526850810,75,60.4,57.08,39.89,10.02
350,tabou,0,CI,1526850810,100,4.42,-7.36,82.64,8.23
351,constitucion,5,MX,1526849100,4,23.99,-104.67,84.2,9.17
352,alghero,20,IT,1526847600,93,40.56,8.32,64.4,4.7
353,ialibu,40,PG,1526846400,100,-6.28,143.99,57.2,2.64
354,samarai,80,PG,1526850811,100,-10.62,150.67,80.57,11.7
355,voh,64,NC,1526850811,100,-20.95,164.69,75.26,13.71
356,deputatskiy,80,RU,1526850449,89,69.3,139.9,31.52,3.76
357,moletai,0,LT,1526847600,54,55.23,25.42,55.4,1.12
358,faya,0,SA,1526846400,88,18.39,42.45,68.0,4.43
359,praia,0,BR,1526846400,55,-20.25,-43.81,64.4,9.17
360,vanimo,56,PG,1526850813,100,-2.67,141.3,82.64,7.78
361,greenville,90,US,1526849700,65,34.85,-82.4,82.4,8.05
362,richards bay,0,ZA,1526850813,88,-28.77,32.06,66.71,13.71
363,sechura,20,PE,1526850814,76,-5.56,-80.82,75.44,13.15
364,ponta do sol,0,BR,1526850446,74,-20.63,-46.0,54.11,9.01
365,arlit,36,NE,1526850814,16,18.74,7.39,88.76,1.63
366,gwadar,0,PK,1526850814,68,25.12,62.33,79.67,7.11
367,the valley,40,AI,1526850000,69,18.22,-63.06,84.2,14.99
368,ust-shonosha,44,RU,1526850815,60,61.15,41.34,46.64,7.11
369,fort saint james,32,CA,1526850815,54,54.43,-124.25,63.47,6.44
370,torrington,75,US,1526849580,51,42.06,-104.18,62.6,9.17
371,funadhoo,88,MV,1526850816,100,6.15,73.27,83.81,13.71
372,pitimbu,40,BR,1526850000,83,-7.47,-34.81,78.8,9.17
373,limbazi,12,LV,1526850817,82,57.51,24.72,49.16,4.65
374,maniitsoq,24,GL,1526850474,99,65.42,-52.9,29.27,5.21
375,urengoy,92,RU,1526850817,96,65.96,78.37,37.37,8.68
376,caravelas,76,BR,1526850817,97,-17.73,-39.27,79.94,14.05
377,puerto ayacucho,40,CO,1526850000,62,5.66,-67.63,89.6,3.36
378,puerto leguizamo,92,CO,1526850818,98,-0.19,-74.78,73.82,2.42
379,sergeyevka,12,KZ,1526850466,41,53.88,67.42,68.15,15.05
380,kerman,0,IR,1526846400,10,30.29,57.06,60.8,4.7
381,tarakan,64,ID,1526850819,100,3.3,117.63,78.05,4.21
382,karasburg,0,NA,1526850819,92,-28.01,18.75,46.46,3.87
383,ayan,20,TR,1526850820,91,40.67,33.6,49.79,2.08
384,kununurra,0,AU,1526850000,45,-15.77,128.74,64.4,5.82
385,saint-francois,0,FR,1526848200,71,46.42,3.91,57.2,3.36
386,pak phanang,0,TH,1526850820,100,8.35,100.2,81.11,6.22
387,rudnichnyy,20,RU,1526850821,70,59.7,60.29,41.42,8.01
388,ambon,0,FR,1526848200,51,47.55,-2.56,60.8,4.7
389,tyumentsevo,56,RU,1526850821,64,53.32,81.5,44.75,9.46
390,santona,20,ES,1526848200,100,43.44,-3.46,60.8,4.7
391,anadyr,0,RU,1526848200,100,64.73,177.51,28.4,11.18
392,nazarovo,8,RU,1526850822,79,56.01,90.42,31.61,8.12
393,jining,44,CN,1526850822,71,35.41,116.58,59.78,8.34
394,rumoi,8,JP,1526850823,94,43.93,141.67,47.0,3.76
395,bulungu,68,CD,1526850823,88,-4.54,18.6,73.91,2.75
396,paamiut,0,GL,1526850824,100,61.99,-49.67,31.97,10.69
397,bintulu,75,MY,1526850000,88,3.17,113.03,77.0,5.82
398,morrope,0,PE,1526850000,68,-6.54,-80.02,71.6,16.11
399,nzerekore,48,GN,1526850824,95,7.76,-8.82,71.3,3.31
400,sorong,88,ID,1526850803,100,-0.86,131.25,78.14,2.64
401,formosa,0,AR,1526850000,72,-26.19,-58.17,62.6,4.7
402,manavalakurichi,75,IN,1526850000,88,8.13,77.3,80.6,6.93
403,arcachon,0,FR,1526848200,72,44.65,-1.18,66.2,6.93
404,conde,0,BR,1526850826,81,-11.81,-37.61,80.12,9.35
405,aswan,0,EG,1526850503,22,24.09,32.9,91.55,12.82
406,kuwana,75,JP,1526848200,82,35.07,136.68,60.8,5.82
407,luau,0,CD,1526850827,53,-10.7,22.23,68.51,5.44
408,cody,1,US,1526849760,37,44.53,-109.06,66.2,8.05
409,tamandare,44,BR,1526850827,76,-8.28,-70.75,76.61,6.67
410,half moon bay,90,US,1526848500,71,37.46,-122.43,66.2,14.99
411,miri,8,NG,1526850434,74,10.31,9.75,74.99,4.32
412,shieli,0,KZ,1526850828,33,44.18,66.74,57.62,11.92
413,dalbandin,0,PK,1526850829,24,28.9,64.41,58.52,6.78
414,taft,80,PH,1526850829,100,11.9,125.42,78.95,2.19
415,saint-leu,20,RE,1526848200,83,-21.15,55.28,71.6,17.22
416,turukhansk,92,RU,1526850564,88,65.8,87.96,33.86,18.3
417,kirakira,36,SB,1526850460,100,-10.46,161.92,83.45,16.96
418,viedma,88,AR,1526850830,77,-40.81,-62.99,53.75,12.03
419,jambi,24,ID,1526850830,96,-1.6,103.62,71.3,2.64
420,kulhudhuffushi,88,MV,1526850830,100,6.62,73.07,82.73,14.16
421,todos santos,5,MX,1526848980,35,23.45,-110.23,91.4,11.41
422,atar,0,MR,1526850563,15,20.52,-13.05,90.29,9.13
423,nelson bay,0,AU,1526850000,66,-32.72,152.14,51.8,18.34
424,vila,75,IT,1526847600,72,45.18,8.4,62.6,9.17
425,la palma,36,CO,1526850832,89,5.36,-74.39,73.91,1.97
426,tokur,44,RU,1526850833,95,53.13,132.9,48.53,3.2
427,cairns,75,AU,1526850000,83,-16.92,145.77,71.6,13.87
428,labuhan,92,ID,1526850833,97,-2.54,115.51,73.82,1.52
429,assare,8,BR,1526850834,60,-6.87,-39.88,81.02,2.86
430,hambantota,92,LK,1526850430,100,6.12,81.12,77.42,17.74
431,roebourne,32,AU,1526850498,23,-20.77,117.15,61.76,16.62
432,icod de los vinos,20,ES,1526848200,82,28.37,-16.71,66.2,19.46
433,urgut,40,UZ,1526848200,48,39.41,67.25,64.4,9.17
434,sibu,75,MY,1526850000,100,2.29,111.83,75.2,3.36
435,naze,75,NG,1526846400,83,5.43,7.07,82.4,7.11
436,flinders,0,AU,1526846400,62,-34.58,150.85,57.2,14.99
437,kurikka,0,FI,1526847600,47,62.62,22.4,59.0,4.7
438,kande,44,UG,1526850836,92,0.3,32.05,64.01,2.75
439,manjacaze,0,MZ,1526850836,93,-24.71,33.88,67.16,6.44
440,berdigestyakh,12,RU,1526850836,69,62.1,126.7,39.71,4.21
441,souillac,0,FR,1526848200,56,45.6,-0.6,68.0,6.93
442,kimbe,0,PG,1526850837,100,-5.56,150.15,79.04,4.99
443,inirida,88,CO,1526850761,81,3.87,-67.92,80.75,3.09
444,yarovoye,44,RU,1526850837,49,52.92,78.56,52.13,13.49
445,shahreza,0,IR,1526850838,51,32.01,51.87,41.06,2.08
446,noyabrsk,92,RU,1526850700,99,63.2,75.45,48.71,12.82
447,bud,92,NO,1526847600,48,62.91,6.91,64.4,6.93
448,drumnadrochit,40,GB,1526847600,77,57.34,-4.48,60.8,10.29
449,mangrol,12,IN,1526850839,38,25.33,76.51,83.72,6.22
450,kibara,20,TZ,1526846400,64,-2.15,33.45,75.2,8.79
451,bima,24,ID,1526850839,97,-8.45,118.73,75.98,3.98
452,bathsheba,40,BB,1526850000,83,13.22,-59.52,78.8,14.99
453,mackay,20,CA,1526846400,42,53.65,-115.58,69.8,8.05
454,methala,40,IN,1526850000,94,10.22,76.22,77.0,2.24
455,sao filipe,0,CV,1526850475,99,14.9,-24.5,70.76,15.05
456,zasheyek,32,RU,1526850840,53,67.41,32.55,53.57,7.9
457,peniche,20,PT,1526848200,87,39.36,-9.38,59.0,9.17
458,port blair,88,IN,1526850397,100,11.67,92.75,85.97,3.65
459,loralai,0,PK,1526850841,30,30.37,68.6,53.48,8.57
460,antalaha,80,MG,1526850842,100,-14.9,50.28,71.39,14.94
461,kavieng,100,PG,1526850491,100,-2.57,150.8,85.25,12.48
462,nenjiang,20,CN,1526850842,51,49.17,125.23,61.31,7.67
463,oranjestad,40,AW,1526846400,74,12.52,-70.03,87.8,24.16
464,waipawa,32,NZ,1526850843,69,-39.94,176.59,58.34,22.55
465,vero beach,75,US,1526848320,74,27.64,-80.4,82.4,17.22
466,janow lubelski,12,PL,1526850843,65,50.71,22.41,53.57,7.9
467,berlevag,75,NO,1526845800,70,70.86,29.09,48.2,23.04
468,salalah,20,OM,1526845800,83,17.01,54.1,84.2,1.12
469,sorgun,20,TR,1526850844,95,39.81,35.19,51.41,1.41
470,morro bay,1,US,1526847360,55,35.37,-120.85,71.6,13.87
471,ashington,0,GB,1526847600,87,55.18,-1.57,55.4,3.36
472,zalantun,80,CN,1526850845,47,48.0,122.72,65.27,7.11
473,nome,20,US,1526849580,52,30.04,-94.42,89.6,10.29
474,bilma,0,NE,1526850846,14,18.69,12.92,83.81,8.9
475,turan,64,RU,1526850846,74,52.15,93.92,18.56,2.19
476,yulara,0,AU,1526846400,70,-25.24,130.99,46.4,8.05
477,ketou,8,BJ,1526850847,69,7.36,2.6,79.49,8.46
478,sambava,88,MG,1526850847,100,-14.27,50.17,74.09,21.65
479,russkaya polyana,32,RU,1526850847,49,53.78,73.88,58.34,13.04
480,tautira,40,PF,1526850000,70,-17.73,-149.15,84.2,9.17
481,hue,40,VN,1526848200,100,16.47,107.58,77.0,1.12
482,davenda,92,RU,1526850848,61,53.56,119.32,49.97,3.87
483,sao joao da barra,20,BR,1526850000,73,-21.64,-41.05,71.6,16.11
484,ondarroa,20,ES,1526848200,93,43.32,-2.42,60.8,4.7
485,auki,0,NG,1526850483,57,12.18,6.51,83.27,11.25
486,general roca,0,AR,1526850000,44,-39.03,-67.58,62.6,9.17
487,lupeni,48,RO,1526850850,88,45.35,23.21,49.97,1.97
488,verkhnevilyuysk,48,RU,1526850520,76,63.45,120.31,36.29,2.98
489,dyersburg,90,US,1526850120,83,36.03,-89.39,87.8,17.22
490,barmer,0,IN,1526850851,35,25.74,71.4,80.93,0.18
491,hamilton,40,BM,1526849700,73,32.3,-64.78,77.0,8.05
492,inhambane,88,MZ,1526850520,89,-23.87,35.38,75.53,9.69
493,grand gaube,40,MU,1526846400,88,-20.01,57.66,71.6,19.46
494,cervo,0,BR,1526846400,62,-22.19,-46.24,55.4,8.05
495,margate,8,AU,1526850000,61,-43.03,147.26,50.0,9.17
496,flin flon,20,CA,1526846400,15,54.77,-101.88,78.8,13.87
497,tomigusuku,1,JP,1526849760,88,26.18,127.67,78.8,16.11
498,tessalit,20,ML,1526850854,18,20.2,1.01,87.41,6.22
499,ranong,80,TH,1526850854,100,9.96,98.62,82.46,2.08
500,mumford,0,GH,1526850854,86,5.26,-0.76,79.49,9.46
501,quatre cocos,40,MU,1526846400,88,-20.21,57.76,71.6,19.46
502,fort nelson,40,CA,1526846400,27,58.81,-122.69,78.8,2.24
503,honiara,40,SB,1526850000,88,-9.43,159.96,80.6,5.82
504,nuuk,48,GL,1526849400,63,64.17,-51.74,30.2,4.7
505,engen,80,DE,1526849400,82,47.85,8.77,60.8,6.93
506,shimoda,75,JP,1526845680,82,34.7,138.93,57.2,3.36
507,mastic beach,75,US,1526849580,57,40.77,-72.85,80.6,13.87
508,tezu,12,IN,1526850574,95,27.93,96.16,64.46,1.41
509,aden,0,YE,1526850857,99,12.79,45.03,84.62,6.44
510,shache,92,CN,1526850857,98,38.42,77.24,48.26,12.03
511,san policarpo,80,PH,1526850538,100,12.18,125.51,78.95,2.19
512,emba,0,CY,1526848200,56,34.81,32.42,77.0,3.36
513,spirit river,75,CA,1526846400,36,55.78,-118.84,75.2,14.99
514,bocas del toro,32,PA,1526850859,100,9.33,-82.25,81.56,5.21
515,cabedelo,40,BR,1526850000,83,-6.97,-34.84,78.8,9.17
516,mananjary,0,MG,1526850859,84,-19.16,46.8,51.14,7.9
517,guane,56,CU,1526850550,75,22.2,-84.09,81.11,7.34
518,lampang,36,TH,1526850860,95,18.29,99.49,71.48,2.19
519,sao francisco,0,BR,1526850000,76,-25.65,-53.85,57.2,3.53
520,linxia,92,CN,1526850860,99,35.6,103.21,47.36,3.2
521,kalnibolotskaya,12,RU,1526850860,95,46.01,40.45,60.77,2.75
522,anamur,0,TR,1526850861,75,36.08,32.84,72.2,7.9
523,oktyabrskiy,0,RU,1526848200,81,55.61,37.97,48.2,4.47
524,bone,20,ID,1526850000,88,-5.29,119.42,78.8,3.36
